{
  "page": 60,
  "backend": "heuristic-pdfplumber",
  "blocks": [
    {
      "type": "Title",
      "score": 0.8,
      "bbox_abs": [
        18.224997320625082,
        92.84297857148374,
        185.2914223692433,
        100.94297765798376
      ],
      "bbox_norm": {
        "x0": 0.029779407386642292,
        "y0": 0.11722598304480271,
        "x1": 0.3027637620412472,
        "y1": 0.12745325461866636
      }
    },
    {
      "type": "Text",
      "score": 0.6,
      "bbox_abs": [
        6,
        6,
        606.0,
        786.0
      ],
      "bbox_norm": {
        "x0": 0.00980392156862745,
        "y0": 0.007575757575757576,
        "x1": 0.9901960784313726,
        "y1": 0.9924242424242424
      }
    }
  ]
}