{
  "page": 55,
  "backend": "heuristic-pdfplumber",
  "blocks": [
    {
      "type": "Title",
      "score": 0.8,
      "bbox_abs": [
        18.224997320625082,
        78.66613135418118,
        127.1359666578869,
        86.7661304406812
      ],
      "bbox_norm": {
        "x0": 0.029779407386642292,
        "y0": 0.09932592342699643,
        "x1": 0.2077385076109263,
        "y1": 0.1095531950008601
      }
    },
    {
      "type": "Text",
      "score": 0.6,
      "bbox_abs": [
        6,
        6,
        606.0,
        786.0
      ],
      "bbox_norm": {
        "x0": 0.00980392156862745,
        "y0": 0.007575757575757576,
        "x1": 0.9901960784313726,
        "y1": 0.9924242424242424
      }
    }
  ]
}