{
  "page": 59,
  "backend": "heuristic-pdfplumber",
  "blocks": [
    {
      "type": "Title",
      "score": 0.8,
      "bbox_abs": [
        475.9276834519288,
        63.8558247475263,
        567.097493714569,
        71.05132380103385
      ],
      "bbox_norm": {
        "x0": 0.7776596134835437,
        "y0": 0.08062604134788674,
        "x1": 0.9266298916904723,
        "y1": 0.08971126742554779
      }
    },
    {
      "type": "Text",
      "score": 0.6,
      "bbox_abs": [
        6,
        6,
        606.0,
        786.0
      ],
      "bbox_norm": {
        "x0": 0.00980392156862745,
        "y0": 0.007575757575757576,
        "x1": 0.9901960784313726,
        "y1": 0.9924242424242424
      }
    }
  ]
}