{
  "page": 114,
  "backend": "heuristic-pdfplumber",
  "blocks": [
    {
      "type": "Table",
      "score": 0.9,
      "bbox_abs": [
        18.224997320625082,
        140.40320971784968,
        593.8649324012267,
        324.0031890118553
      ],
      "bbox_norm": {
        "x0": 0.029779407386642292,
        "y0": 0.1772767799467799,
        "x1": 0.9703675366033117,
        "y1": 0.4090949356210294
      }
    },
    {
      "type": "Text",
      "score": 0.6,
      "bbox_abs": [
        6,
        6,
        606.0,
        786.0
      ],
      "bbox_norm": {
        "x0": 0.00980392156862745,
        "y0": 0.007575757575757576,
        "x1": 0.9901960784313726,
        "y1": 0.9924242424242424
      }
    }
  ]
}