{
  "page": 69,
  "backend": "heuristic-pdfplumber",
  "blocks": [
    {
      "type": "Table",
      "score": 0.9,
      "bbox_abs": [
        18.224997320625082,
        195.0759447678356,
        588.7124329823142,
        214.65094256021257
      ],
      "bbox_norm": {
        "x0": 0.029779407386642292,
        "y0": 0.24630801107049952,
        "x1": 0.9619484199057422,
        "y1": 0.2710239173740058
      }
    },
    {
      "type": "Table",
      "score": 0.9,
      "bbox_abs": [
        66.82499183962523,
        285.8634345290229,
        588.7124329823142,
        334.12592908609076
      ],
      "bbox_norm": {
        "x0": 0.10919116313664252,
        "y0": 0.3609386799608875,
        "x1": 0.9619484199057422,
        "y1": 0.42187617308849845
      }
    },
    {
      "type": "Text",
      "score": 0.6,
      "bbox_abs": [
        6,
        6,
        606.0,
        786.0
      ],
      "bbox_norm": {
        "x0": 0.00980392156862745,
        "y0": 0.007575757575757576,
        "x1": 0.9901960784313726,
        "y1": 0.9924242424242424
      }
    }
  ]
}