{
  "page": 117,
  "backend": "heuristic-pdfplumber",
  "blocks": [
    {
      "type": "Title",
      "score": 0.8,
      "bbox_abs": [
        18.224997320625082,
        98.91962779028142,
        115.46057613461161,
        107.01962687678144
      ],
      "bbox_norm": {
        "x0": 0.029779407386642292,
        "y0": 0.12489851993722402,
        "x1": 0.18866107211537844,
        "y1": 0.1351257915110877
      }
    },
    {
      "type": "Text",
      "score": 0.6,
      "bbox_abs": [
        6,
        6,
        606.0,
        786.0
      ],
      "bbox_norm": {
        "x0": 0.00980392156862745,
        "y0": 0.007575757575757576,
        "x1": 0.9901960784313726,
        "y1": 0.9924242424242424
      }
    }
  ]
}