{
  "page": 51,
  "backend": "heuristic-pdfplumber",
  "blocks": [
    {
      "type": "Title",
      "score": 0.8,
      "bbox_abs": [
        194.42107119962168,
        84.06639920917257,
        417.7840791192358,
        92.1663982956726
      ],
      "bbox_norm": {
        "x0": 0.3176814888882707,
        "y0": 0.10614444344592497,
        "x1": 0.6826537240510389,
        "y1": 0.11637171501978863
      }
    },
    {
      "type": "Text",
      "score": 0.6,
      "bbox_abs": [
        6,
        6,
        606.0,
        786.0
      ],
      "bbox_norm": {
        "x0": 0.00980392156862745,
        "y0": 0.007575757575757576,
        "x1": 0.9901960784313726,
        "y1": 0.9924242424242424
      }
    }
  ]
}