{
  "page": 31,
  "backend": "heuristic-pdfplumber",
  "blocks": [
    {
      "type": "Table",
      "score": 0.9,
      "bbox_abs": [
        18.224997320625082,
        109.06129387406587,
        593.9999323860018,
        173.47557232385225
      ],
      "bbox_norm": {
        "x0": 0.029779407386642292,
        "y0": 0.1377036538813963,
        "x1": 0.9705881248137284,
        "y1": 0.21903481354021748
      }
    },
    {
      "type": "Title",
      "score": 0.8,
      "bbox_abs": [
        18.224997320625082,
        62.467089053141876,
        231.13472718913675,
        70.5670881396419
      ],
      "bbox_norm": {
        "x0": 0.029779407386642292,
        "y0": 0.07887258718831044,
        "x1": 0.3776711228580666,
        "y1": 0.0890998587621741
      }
    },
    {
      "type": "Text",
      "score": 0.6,
      "bbox_abs": [
        6,
        6,
        606.0,
        786.0
      ],
      "bbox_norm": {
        "x0": 0.00980392156862745,
        "y0": 0.007575757575757576,
        "x1": 0.9901960784313726,
        "y1": 0.9924242424242424
      }
    }
  ]
}