{
  "page": 40,
  "backend": "heuristic-pdfplumber",
  "blocks": [
    {
      "type": "Table",
      "score": 0.9,
      "bbox_abs": [
        18.224997320625082,
        114.07524091086816,
        593.1528736580018,
        266.62522370661827
      ],
      "bbox_norm": {
        "x0": 0.029779407386642292,
        "y0": 0.14403439508948,
        "x1": 0.9692040419248396,
        "y1": 0.3366480097305786
      }
    },
    {
      "type": "Title",
      "score": 0.8,
      "bbox_abs": [
        422.91909568012005,
        80.7295726844601,
        584.7624586502276,
        87.92507173796764
      ],
      "bbox_norm": {
        "x0": 0.6910442739871243,
        "y0": 0.10193127864199507,
        "x1": 0.955494213480764,
        "y1": 0.11101650471965611
      }
    },
    {
      "type": "Text",
      "score": 0.6,
      "bbox_abs": [
        6,
        6,
        606.0,
        786.0
      ],
      "bbox_norm": {
        "x0": 0.00980392156862745,
        "y0": 0.007575757575757576,
        "x1": 0.9901960784313726,
        "y1": 0.9924242424242424
      }
    }
  ]
}