{
  "page": 25,
  "backend": "heuristic-pdfplumber",
  "blocks": [
    {
      "type": "Table",
      "score": 0.9,
      "bbox_abs": [
        18.224997320625082,
        127.57496900437582,
        593.1473009032122,
        184.27496260987633
      ],
      "bbox_norm": {
        "x0": 0.029779407386642292,
        "y0": 0.16107950631865633,
        "x1": 0.9691949361163599,
        "y1": 0.23267040733570243
      }
    },
    {
      "type": "Title",
      "score": 0.8,
      "bbox_abs": [
        18.224997320625082,
        78.66647873016734,
        144.70837683610935,
        86.76647781666736
      ],
      "bbox_norm": {
        "x0": 0.029779407386642292,
        "y0": 0.09932636203303957,
        "x1": 0.23645159613743358,
        "y1": 0.10955363360690323
      }
    },
    {
      "type": "Text",
      "score": 0.6,
      "bbox_abs": [
        6,
        6,
        606.0,
        786.0
      ],
      "bbox_norm": {
        "x0": 0.00980392156862745,
        "y0": 0.007575757575757576,
        "x1": 0.9901960784313726,
        "y1": 0.9924242424242424
      }
    }
  ]
}