{
  "page": 61,
  "backend": "heuristic-pdfplumber",
  "blocks": [
    {
      "type": "Title",
      "score": 0.8,
      "bbox_abs": [
        205.74841367214907,
        84.06781256911233,
        406.4646495358161,
        92.16781165561235
      ],
      "bbox_norm": {
        "x0": 0.33619021841854424,
        "y0": 0.10614622799130345,
        "x1": 0.6641579240781309,
        "y1": 0.11637349956516711
      }
    },
    {
      "type": "Text",
      "score": 0.6,
      "bbox_abs": [
        6,
        6,
        606.0,
        786.0
      ],
      "bbox_norm": {
        "x0": 0.00980392156862745,
        "y0": 0.007575757575757576,
        "x1": 0.9901960784313726,
        "y1": 0.9924242424242424
      }
    }
  ]
}