{
  "page": 36,
  "backend": "heuristic-pdfplumber",
  "blocks": [
    {
      "type": "Table",
      "score": 0.9,
      "bbox_abs": [
        18.224997320625082,
        144.70354082468566,
        593.1999324762239,
        565.650368351231
      ],
      "bbox_norm": {
        "x0": 0.029779407386642292,
        "y0": 0.18270649094025967,
        "x1": 0.9692809354186666,
        "y1": 0.7142050105444836
      }
    },
    {
      "type": "Title",
      "score": 0.8,
      "bbox_abs": [
        210.93747558693815,
        80.01692732989648,
        401.2795428505809,
        88.1169264163965
      ],
      "bbox_norm": {
        "x0": 0.3446690777564349,
        "y0": 0.10103147390138444,
        "x1": 0.655685527533629,
        "y1": 0.1112587454752481
      }
    },
    {
      "type": "Text",
      "score": 0.6,
      "bbox_abs": [
        6,
        6,
        606.0,
        786.0
      ],
      "bbox_norm": {
        "x0": 0.00980392156862745,
        "y0": 0.007575757575757576,
        "x1": 0.9901960784313726,
        "y1": 0.9924242424242424
      }
    }
  ]
}