{
  "page": 33,
  "backend": "heuristic-pdfplumber",
  "blocks": [
    {
      "type": "Table",
      "score": 0.9,
      "bbox_abs": [
        18.224997320625082,
        150.2723961806505,
        593.2464440988855,
        322.65050174022986
      ],
      "bbox_norm": {
        "x0": 0.029779407386642292,
        "y0": 0.18973787396546782,
        "x1": 0.9693569348021005,
        "y1": 0.40738699714675486
      }
    },
    {
      "type": "Title",
      "score": 0.8,
      "bbox_abs": [
        185.27693498087712,
        80.01703331389615,
        426.9361357870871,
        88.11703240039617
      ],
      "bbox_norm": {
        "x0": 0.3027400898380345,
        "y0": 0.10103160771956585,
        "x1": 0.6976080650115802,
        "y1": 0.11125887929342951
      }
    },
    {
      "type": "Text",
      "score": 0.6,
      "bbox_abs": [
        6,
        6,
        606.0,
        786.0
      ],
      "bbox_norm": {
        "x0": 0.00980392156862745,
        "y0": 0.007575757575757576,
        "x1": 0.9901960784313726,
        "y1": 0.9924242424242424
      }
    }
  ]
}