{
  "page": 86,
  "backend": "heuristic-pdfplumber",
  "blocks": [
    {
      "type": "Title",
      "score": 0.8,
      "bbox_abs": [
        18.224997320625082,
        98.88533088248926,
        194.77472696898357,
        107.88307980024297
      ],
      "bbox_norm": {
        "x0": 0.029779407386642292,
        "y0": 0.12485521576071876,
        "x1": 0.31825935779245684,
        "y1": 0.13621600984879162
      }
    },
    {
      "type": "Text",
      "score": 0.6,
      "bbox_abs": [
        6,
        6,
        606.0,
        786.0
      ],
      "bbox_norm": {
        "x0": 0.00980392156862745,
        "y0": 0.007575757575757576,
        "x1": 0.9901960784313726,
        "y1": 0.9924242424242424
      }
    }
  ]
}