{
  "page": 67,
  "backend": "heuristic-pdfplumber",
  "blocks": [
    {
      "type": "Table",
      "score": 0.9,
      "bbox_abs": [
        18.224997320625082,
        102.93854319089223,
        585.5624333375642,
        122.17604102133191
      ],
      "bbox_norm": {
        "x0": 0.029779407386642292,
        "y0": 0.12997290806930836,
        "x1": 0.9568013616626867,
        "y1": 0.15426267805723726
      }
    },
    {
      "type": "Table",
      "score": 0.9,
      "bbox_abs": [
        18.224997320625082,
        520.0884961456431,
        579.3749340353767,
        539.3259939760828
      ],
      "bbox_norm": {
        "x0": 0.029779407386642292,
        "y0": 0.6566773941232869,
        "x1": 0.946691068685256,
        "y1": 0.6809671641112157
      }
    },
    {
      "type": "Table",
      "score": 0.9,
      "bbox_abs": [
        18.224997320625082,
        559.9134916542716,
        579.3749340353767,
        589.2759883428298
      ],
      "bbox_norm": {
        "x0": 0.029779407386642292,
        "y0": 0.706961479361454,
        "x1": 0.946691068685256,
        "y1": 0.7440353388167043
      }
    },
    {
      "type": "Text",
      "score": 0.6,
      "bbox_abs": [
        6,
        6,
        606.0,
        786.0
      ],
      "bbox_norm": {
        "x0": 0.00980392156862745,
        "y0": 0.007575757575757576,
        "x1": 0.9901960784313726,
        "y1": 0.9924242424242424
      }
    }
  ]
}