{
  "page": 47,
  "backend": "heuristic-pdfplumber",
  "blocks": [
    {
      "type": "Table",
      "score": 0.9,
      "bbox_abs": [
        18.224997320625082,
        236.25003815624586,
        593.1899324773518,
        270.67503427387055
      ],
      "bbox_norm": {
        "x0": 0.029779407386642292,
        "y0": 0.29829550272253263,
        "x1": 0.9692645955512285,
        "y1": 0.34176140691145274
      }
    },
    {
      "type": "Title",
      "score": 0.8,
      "bbox_abs": [
        18.224997320625082,
        108.36655678866043,
        137.06321510831378,
        116.46655587516045
      ],
      "bbox_norm": {
        "x0": 0.029779407386642292,
        "y0": 0.13682646059174297,
        "x1": 0.22395950181097024,
        "y1": 0.14705373216560663
      }
    },
    {
      "type": "Text",
      "score": 0.6,
      "bbox_abs": [
        6,
        6,
        606.0,
        786.0
      ],
      "bbox_norm": {
        "x0": 0.00980392156862745,
        "y0": 0.007575757575757576,
        "x1": 0.9901960784313726,
        "y1": 0.9924242424242424
      }
    }
  ]
}