{
  "page": 16,
  "backend": "heuristic-pdfplumber",
  "blocks": [
    {
      "type": "Title",
      "score": 0.8,
      "bbox_abs": [
        18.224997320625082,
        77.9917278782799,
        172.6154008888169,
        86.09172696477992
      ],
      "bbox_norm": {
        "x0": 0.029779407386642292,
        "y0": 0.09847440388671705,
        "x1": 0.2820513086418577,
        "y1": 0.10870167546058071
      }
    },
    {
      "type": "Text",
      "score": 0.6,
      "bbox_abs": [
        6,
        6,
        606.0,
        786.0
      ],
      "bbox_norm": {
        "x0": 0.00980392156862745,
        "y0": 0.007575757575757576,
        "x1": 0.9901960784313726,
        "y1": 0.9924242424242424
      }
    }
  ]
}