{
  "page": 115,
  "backend": "heuristic-pdfplumber",
  "blocks": [
    {
      "type": "Title",
      "score": 0.8,
      "bbox_abs": [
        191.2781028040787,
        83.39349357321078,
        420.94155326314285,
        91.4934926597108
      ],
      "bbox_norm": {
        "x0": 0.31254591961450773,
        "y0": 0.10529481511769037,
        "x1": 0.6878129955280112,
        "y1": 0.11552208669155403
      }
    },
    {
      "type": "Text",
      "score": 0.6,
      "bbox_abs": [
        6,
        6,
        606.0,
        786.0
      ],
      "bbox_norm": {
        "x0": 0.00980392156862745,
        "y0": 0.007575757575757576,
        "x1": 0.9901960784313726,
        "y1": 0.9924242424242424
      }
    }
  ]
}