{
  "page": 32,
  "backend": "heuristic-pdfplumber",
  "blocks": [
    {
      "type": "Table",
      "score": 0.9,
      "bbox_abs": [
        18.224997320625082,
        149.17555826435273,
        593.2138565252866,
        468.4505222572261
      ],
      "bbox_norm": {
        "x0": 0.029779407386642292,
        "y0": 0.18835297760650596,
        "x1": 0.9693036871328212,
        "y1": 0.5914779321429623
      }
    },
    {
      "type": "Title",
      "score": 0.8,
      "bbox_abs": [
        211.6863070024866,
        80.01707027389091,
        400.53731090928824,
        88.11706936039093
      ],
      "bbox_norm": {
        "x0": 0.3458926585007951,
        "y0": 0.1010316543862259,
        "x1": 0.654472730243935,
        "y1": 0.11125892596008956
      }
    },
    {
      "type": "Text",
      "score": 0.6,
      "bbox_abs": [
        6,
        6,
        606.0,
        786.0
      ],
      "bbox_norm": {
        "x0": 0.00980392156862745,
        "y0": 0.007575757575757576,
        "x1": 0.9901960784313726,
        "y1": 0.9924242424242424
      }
    }
  ]
}