{
  "page": 2,
  "backend": "heuristic-pdfplumber",
  "blocks": [
    {
      "type": "Title",
      "score": 0.8,
      "bbox_abs": [
        19.12148159452157,
        44.56046574377797,
        584.8011235270584,
        53.55821466153179
      ],
      "bbox_norm": {
        "x0": 0.03124425097144047,
        "y0": 0.05626321432295198,
        "x1": 0.9555573913840824,
        "y1": 0.06762400841102499
      }
    },
    {
      "type": "Text",
      "score": 0.6,
      "bbox_abs": [
        6,
        6,
        606.0,
        786.0
      ],
      "bbox_norm": {
        "x0": 0.00980392156862745,
        "y0": 0.007575757575757576,
        "x1": 0.9901960784313726,
        "y1": 0.9924242424242424
      }
    }
  ]
}