{
  "page": 112,
  "backend": "heuristic-pdfplumber",
  "blocks": [
    {
      "type": "Title",
      "score": 0.8,
      "bbox_abs": [
        87.97147382977177,
        115.72918447145253,
        222.26137357834665,
        125.62468322046016
      ],
      "bbox_norm": {
        "x0": 0.14374423828394078,
        "y0": 0.1461227076659754,
        "x1": 0.36317217904958604,
        "y1": 0.15861702426825777
      }
    },
    {
      "type": "Text",
      "score": 0.6,
      "bbox_abs": [
        6,
        6,
        606.0,
        786.0
      ],
      "bbox_norm": {
        "x0": 0.00980392156862745,
        "y0": 0.007575757575757576,
        "x1": 0.9901960784313726,
        "y1": 0.9924242424242424
      }
    }
  ]
}