{
  "page": 101,
  "backend": "heuristic-pdfplumber",
  "blocks": [
    {
      "type": "Title",
      "score": 0.8,
      "bbox_abs": [
        50.62499366662517,
        88.75853154444314,
        187.44984109506794,
        97.75628046219686
      ],
      "bbox_norm": {
        "x0": 0.08272057788664244,
        "y0": 0.11206885296015548,
        "x1": 0.30629059002462083,
        "y1": 0.12342964704822836
      }
    },
    {
      "type": "Text",
      "score": 0.6,
      "bbox_abs": [
        6,
        6,
        606.0,
        786.0
      ],
      "bbox_norm": {
        "x0": 0.00980392156862745,
        "y0": 0.007575757575757576,
        "x1": 0.9901960784313726,
        "y1": 0.9924242424242424
      }
    }
  ]
}