{
  "page": 39,
  "backend": "heuristic-pdfplumber",
  "blocks": [
    {
      "type": "Table",
      "score": 0.9,
      "bbox_abs": [
        18.224997320625082,
        212.62539630860556,
        593.1856467635494,
        315.9003846614796
      ],
      "bbox_norm": {
        "x0": 0.029779407386642292,
        "y0": 0.26846640948056255,
        "x1": 0.9692575927508976,
        "y1": 0.39886412204732274
      }
    },
    {
      "type": "Table",
      "score": 0.9,
      "bbox_abs": [
        18.224997320625082,
        469.12536738110794,
        593.1856467635494,
        622.3503501007326
      ],
      "bbox_norm": {
        "x0": 0.029779407386642292,
        "y0": 0.5923300093195807,
        "x1": 0.9692575927508976,
        "y1": 0.7857958965918341
      }
    },
    {
      "type": "Text",
      "score": 0.6,
      "bbox_abs": [
        6,
        6,
        606.0,
        786.0
      ],
      "bbox_norm": {
        "x0": 0.00980392156862745,
        "y0": 0.007575757575757576,
        "x1": 0.9901960784313726,
        "y1": 0.9924242424242424
      }
    }
  ]
}