{
  "page": 66,
  "backend": "heuristic-pdfplumber",
  "blocks": [
    {
      "type": "Table",
      "score": 0.9,
      "bbox_abs": [
        18.224997320625082,
        466.4261652535788,
        586.5749332233768,
        495.4511619801997
      ],
      "bbox_norm": {
        "x0": 0.029779407386642292,
        "y0": 0.5889219258252257,
        "x1": 0.9584557732408118,
        "y1": 0.6255696489648986
      }
    },
    {
      "type": "Table",
      "score": 0.9,
      "bbox_abs": [
        18.224997320625082,
        533.926157641079,
        586.5749332233768,
        552.8261555095742
      ],
      "bbox_norm": {
        "x0": 0.029779407386642292,
        "y0": 0.6741491889407564,
        "x1": 0.9584557732408118,
        "y1": 0.6980128226130987
      }
    },
    {
      "type": "Text",
      "score": 0.6,
      "bbox_abs": [
        6,
        6,
        606.0,
        786.0
      ],
      "bbox_norm": {
        "x0": 0.00980392156862745,
        "y0": 0.007575757575757576,
        "x1": 0.9901960784313726,
        "y1": 0.9924242424242424
      }
    }
  ]
}