{
  "page": 22,
  "backend": "heuristic-pdfplumber",
  "blocks": [
    {
      "type": "Table",
      "score": 0.9,
      "bbox_abs": [
        18.224997320625082,
        278.10006214049645,
        593.6142181437874,
        361.800052700996
      ],
      "bbox_norm": {
        "x0": 0.029779407386642292,
        "y0": 0.3511364420965864,
        "x1": 0.9699578727839664,
        "y1": 0.4568182483598434
      }
    },
    {
      "type": "Text",
      "score": 0.6,
      "bbox_abs": [
        6,
        6,
        606.0,
        786.0
      ],
      "bbox_norm": {
        "x0": 0.00980392156862745,
        "y0": 0.007575757575757576,
        "x1": 0.9901960784313726,
        "y1": 0.9924242424242424
      }
    }
  ]
}