{
  "page": 52,
  "backend": "heuristic-pdfplumber",
  "blocks": [
    {
      "type": "Title",
      "score": 0.8,
      "bbox_abs": [
        19.12148159452157,
        65.1663603486744,
        103.61775829271842,
        73.26635943517442
      ],
      "bbox_norm": {
        "x0": 0.03124425097144047,
        "y0": 0.08228075801600303,
        "x1": 0.16931006256980133,
        "y1": 0.09250802958986669
      }
    },
    {
      "type": "Text",
      "score": 0.6,
      "bbox_abs": [
        6,
        6,
        606.0,
        786.0
      ],
      "bbox_norm": {
        "x0": 0.00980392156862745,
        "y0": 0.007575757575757576,
        "x1": 0.9901960784313726,
        "y1": 0.9924242424242424
      }
    }
  ]
}