{
  "page": 54,
  "backend": "heuristic-pdfplumber",
  "blocks": [
    {
      "type": "Title",
      "score": 0.8,
      "bbox_abs": [
        18.224997320625082,
        106.34129148104728,
        155.50573717840697,
        114.4412905675473
      ],
      "bbox_norm": {
        "x0": 0.029779407386642292,
        "y0": 0.13426930742556475,
        "x1": 0.25409434179478263,
        "y1": 0.14449657899942842
      }
    },
    {
      "type": "Text",
      "score": 0.6,
      "bbox_abs": [
        6,
        6,
        606.0,
        786.0
      ],
      "bbox_norm": {
        "x0": 0.00980392156862745,
        "y0": 0.007575757575757576,
        "x1": 0.9901960784313726,
        "y1": 0.9924242424242424
      }
    }
  ]
}