{
  "page": 56,
  "backend": "heuristic-pdfplumber",
  "blocks": [
    {
      "type": "Table",
      "score": 0.9,
      "bbox_abs": [
        18.224997320625082,
        167.78540966722463,
        593.4213610226803,
        232.19968811701256
      ],
      "bbox_norm": {
        "x0": 0.029779407386642292,
        "y0": 0.21185026473134422,
        "x1": 0.9696427467690856,
        "y1": 0.29318142439016737
      }
    },
    {
      "type": "Title",
      "score": 0.8,
      "bbox_abs": [
        18.224997320625082,
        98.91620735842696,
        222.579892903932,
        107.01620644492698
      ],
      "bbox_norm": {
        "x0": 0.029779407386642292,
        "y0": 0.12489420121013504,
        "x1": 0.3636926354639412,
        "y1": 0.13512147278399872
      }
    },
    {
      "type": "Text",
      "score": 0.6,
      "bbox_abs": [
        6,
        6,
        606.0,
        786.0
      ],
      "bbox_norm": {
        "x0": 0.00980392156862745,
        "y0": 0.007575757575757576,
        "x1": 0.9901960784313726,
        "y1": 0.9924242424242424
      }
    }
  ]
}