{
  "page": 35,
  "backend": "heuristic-pdfplumber",
  "blocks": [
    {
      "type": "Table",
      "score": 0.9,
      "bbox_abs": [
        18.224997320625082,
        150.77857393155955,
        593.2226597463881,
        423.900418129484
      ],
      "bbox_norm": {
        "x0": 0.029779407386642292,
        "y0": 0.19037698728732266,
        "x1": 0.9693180714810263,
        "y1": 0.5352278006685405
      }
    },
    {
      "type": "Title",
      "score": 0.8,
      "bbox_abs": [
        187.08044702748103,
        80.01696112189927,
        425.14052582959204,
        88.11696020839929
      ],
      "bbox_norm": {
        "x0": 0.3056870049468644,
        "y0": 0.10103151656805463,
        "x1": 0.6946740618130589,
        "y1": 0.1112587881419183
      }
    },
    {
      "type": "Text",
      "score": 0.6,
      "bbox_abs": [
        6,
        6,
        606.0,
        786.0
      ],
      "bbox_norm": {
        "x0": 0.00980392156862745,
        "y0": 0.007575757575757576,
        "x1": 0.9901960784313726,
        "y1": 0.9924242424242424
      }
    }
  ]
}