{
  "page": 29,
  "backend": "heuristic-pdfplumber",
  "blocks": [
    {
      "type": "Title",
      "score": 0.8,
      "bbox_abs": [
        18.224997320625082,
        77.99216592626397,
        130.64016868769073,
        86.09216501276399
      ],
      "bbox_norm": {
        "x0": 0.029779407386642292,
        "y0": 0.09847495697760601,
        "x1": 0.2134643279210633,
        "y1": 0.10870222855146967
      }
    },
    {
      "type": "Text",
      "score": 0.6,
      "bbox_abs": [
        6,
        6,
        606.0,
        786.0
      ],
      "bbox_norm": {
        "x0": 0.00980392156862745,
        "y0": 0.007575757575757576,
        "x1": 0.9901960784313726,
        "y1": 0.9924242424242424
      }
    }
  ]
}