{
  "page": 65,
  "backend": "heuristic-pdfplumber",
  "blocks": [
    {
      "type": "Table",
      "score": 0.9,
      "bbox_abs": [
        18.224997320625082,
        221.4011154629552,
        590.6249327666268,
        250.4261121895761
      ],
      "bbox_norm": {
        "x0": 0.029779407386642292,
        "y0": 0.2795468629582768,
        "x1": 0.9650734195533117,
        "y1": 0.3161945860979496
      }
    },
    {
      "type": "Text",
      "score": 0.6,
      "bbox_abs": [
        6,
        6,
        606.0,
        786.0
      ],
      "bbox_norm": {
        "x0": 0.00980392156862745,
        "y0": 0.007575757575757576,
        "x1": 0.9901960784313726,
        "y1": 0.9924242424242424
      }
    }
  ]
}