{
  "page": 26,
  "backend": "heuristic-pdfplumber",
  "blocks": [
    {
      "type": "Table",
      "score": 0.9,
      "bbox_abs": [
        18.224997320625082,
        127.57481698838092,
        593.1473009032122,
        184.27481059388114
      ],
      "bbox_norm": {
        "x0": 0.029779407386642292,
        "y0": 0.16107931437926884,
        "x1": 0.9691949361163599,
        "y1": 0.23267021539631458
      }
    },
    {
      "type": "Title",
      "score": 0.8,
      "bbox_abs": [
        18.224997320625082,
        78.66632671417244,
        157.33298357233414,
        86.76632580067246
      ],
      "bbox_norm": {
        "x0": 0.029779407386642292,
        "y0": 0.09932617009365208,
        "x1": 0.2570800385168859,
        "y1": 0.10955344166751574
      }
    },
    {
      "type": "Text",
      "score": 0.6,
      "bbox_abs": [
        6,
        6,
        606.0,
        786.0
      ],
      "bbox_norm": {
        "x0": 0.00980392156862745,
        "y0": 0.007575757575757576,
        "x1": 0.9901960784313726,
        "y1": 0.9924242424242424
      }
    }
  ]
}