{
  "page": 58,
  "backend": "heuristic-pdfplumber",
  "blocks": [
    {
      "type": "Title",
      "score": 0.8,
      "bbox_abs": [
        475.78002721858115,
        63.85574943553331,
        566.9498374812214,
        71.05124848904086
      ],
      "bbox_norm": {
        "x0": 0.7774183451284006,
        "y0": 0.0806259462569865,
        "x1": 0.926388623335329,
        "y1": 0.08971117233464755
      }
    },
    {
      "type": "Text",
      "score": 0.6,
      "bbox_abs": [
        6,
        6,
        606.0,
        786.0
      ],
      "bbox_norm": {
        "x0": 0.00980392156862745,
        "y0": 0.007575757575757576,
        "x1": 0.9901960784313726,
        "y1": 0.9924242424242424
      }
    }
  ]
}