{
  "page": 119,
  "backend": "heuristic-pdfplumber",
  "blocks": [
    {
      "type": "Figure",
      "score": 0.85,
      "bbox_abs": [
        18.224997320625082,
        83.02499846062494,
        41.17499444437516,
        112.04999533124999
      ],
      "bbox_norm": {
        "x0": 0.029779407386642292,
        "y0": 0.10482954351089008,
        "x1": 0.06727940268688752,
        "y1": 0.14147726683238634
      }
    },
    {
      "type": "Title",
      "score": 0.8,
      "bbox_abs": [
        18.224997320625082,
        128.38138122691169,
        207.88423598360077,
        142.77912960316553
      ],
      "bbox_norm": {
        "x0": 0.029779407386642292,
        "y0": 0.16209770356933292,
        "x1": 0.3396801241562104,
        "y1": 0.18027667879187567
      }
    },
    {
      "type": "Text",
      "score": 0.6,
      "bbox_abs": [
        6,
        6,
        606.0,
        786.0
      ],
      "bbox_norm": {
        "x0": 0.00980392156862745,
        "y0": 0.007575757575757576,
        "x1": 0.9901960784313726,
        "y1": 0.9924242424242424
      }
    }
  ]
}