{
  "page": 72,
  "backend": "heuristic-pdfplumber",
  "blocks": [
    {
      "type": "Table",
      "score": 0.9,
      "bbox_abs": [
        18.224997320625082,
        500.8512533871908,
        585.7649333147267,
        549.4512479061959
      ],
      "bbox_norm": {
        "x0": 0.029779407386642292,
        "y0": 0.632387946195948,
        "x1": 0.9571322439783116,
        "y1": 0.6937515756391363
      }
    },
    {
      "type": "Title",
      "score": 0.8,
      "bbox_abs": [
        50.62499366662517,
        119.8428005664831,
        293.7712878851239,
        127.94279965298313
      ],
      "bbox_norm": {
        "x0": 0.08272057788664244,
        "y0": 0.15131666738192312,
        "x1": 0.4800184442567384,
        "y1": 0.16154393895578678
      }
    },
    {
      "type": "Text",
      "score": 0.6,
      "bbox_abs": [
        6,
        6,
        606.0,
        786.0
      ],
      "bbox_norm": {
        "x0": 0.00980392156862745,
        "y0": 0.007575757575757576,
        "x1": 0.9901960784313726,
        "y1": 0.9924242424242424
      }
    }
  ]
}