{
  "page": 21,
  "backend": "heuristic-pdfplumber",
  "blocks": [
    {
      "type": "Title",
      "score": 0.8,
      "bbox_abs": [
        18.224997320625082,
        78.66651285816477,
        92.95223144305294,
        86.76651194466479
      ],
      "bbox_norm": {
        "x0": 0.029779407386642292,
        "y0": 0.09932640512394542,
        "x1": 0.15188273111609957,
        "y1": 0.10955367669780908
      }
    },
    {
      "type": "Text",
      "score": 0.6,
      "bbox_abs": [
        6,
        6,
        606.0,
        786.0
      ],
      "bbox_norm": {
        "x0": 0.00980392156862745,
        "y0": 0.007575757575757576,
        "x1": 0.9901960784313726,
        "y1": 0.9924242424242424
      }
    }
  ]
}