{
  "page": 23,
  "backend": "heuristic-pdfplumber",
  "blocks": [
    {
      "type": "Table",
      "score": 0.9,
      "bbox_abs": [
        18.224997320625082,
        496.79988565200256,
        593.2285039015732,
        518.3998832160032
      ],
      "bbox_norm": {
        "x0": 0.029779407386642292,
        "y0": 0.6272725828939426,
        "x1": 0.9693276207542045,
        "y1": 0.6545453070909132
      }
    },
    {
      "type": "Figure",
      "score": 0.85,
      "bbox_abs": [
        76.9499895937503,
        142.42499886562473,
        535.9499464687512,
        446.174957409376
      ],
      "bbox_norm": {
        "x0": 0.1257352771139711,
        "y0": 0.17982954402225346,
        "x1": 0.8757352066482863,
        "y1": 0.5633522189512323
      }
    },
    {
      "type": "Title",
      "score": 0.8,
      "bbox_abs": [
        18.224997320625082,
        78.66643701816827,
        131.20969757846055,
        86.76643610466829
      ],
      "bbox_norm": {
        "x0": 0.029779407386642292,
        "y0": 0.09932630936637407,
        "x1": 0.21439493068375906,
        "y1": 0.10955358094023773
      }
    },
    {
      "type": "Text",
      "score": 0.6,
      "bbox_abs": [
        6,
        6,
        606.0,
        786.0
      ],
      "bbox_norm": {
        "x0": 0.00980392156862745,
        "y0": 0.007575757575757576,
        "x1": 0.9901960784313726,
        "y1": 0.9924242424242424
      }
    }
  ]
}