{
  "page": 41,
  "backend": "heuristic-pdfplumber",
  "blocks": [
    {
      "type": "Table",
      "score": 0.9,
      "bbox_abs": [
        18.224997320625082,
        253.1251815491196,
        593.2499324705851,
        308.47517530686673
      ],
      "bbox_norm": {
        "x0": 0.029779407386642292,
        "y0": 0.3196025019559591,
        "x1": 0.969362634755858,
        "y1": 0.3894888577106903
      }
    },
    {
      "type": "Table",
      "score": 0.9,
      "bbox_abs": [
        18.224997320625082,
        364.5001689884921,
        593.2499324705851,
        386.10016655249274
      ],
      "bbox_norm": {
        "x0": 0.029779407386642292,
        "y0": 0.46022748609658093,
        "x1": 0.969362634755858,
        "y1": 0.48750021029355145
      }
    },
    {
      "type": "Text",
      "score": 0.6,
      "bbox_abs": [
        6,
        6,
        606.0,
        786.0
      ],
      "bbox_norm": {
        "x0": 0.00980392156862745,
        "y0": 0.007575757575757576,
        "x1": 0.9901960784313726,
        "y1": 0.9924242424242424
      }
    }
  ]
}