{
  "page": 30,
  "backend": "heuristic-pdfplumber",
  "blocks": [
    {
      "type": "Table",
      "score": 0.9,
      "bbox_abs": [
        18.224997320625082,
        250.42571498959296,
        593.3249324621268,
        261.2257137715933
      ],
      "bbox_norm": {
        "x0": 0.029779407386642292,
        "y0": 0.3161940845828194,
        "x1": 0.969485183761645,
        "y1": 0.3298304466813047
      }
    },
    {
      "type": "Title",
      "score": 0.8,
      "bbox_abs": [
        18.224997320625082,
        78.66723857013528,
        287.0951303980463,
        86.7672376566353
      ],
      "bbox_norm": {
        "x0": 0.029779407386642292,
        "y0": 0.0993273214269385,
        "x1": 0.4691096901928861,
        "y1": 0.10955459300080216
      }
    },
    {
      "type": "Text",
      "score": 0.6,
      "bbox_abs": [
        6,
        6,
        606.0,
        786.0
      ],
      "bbox_norm": {
        "x0": 0.00980392156862745,
        "y0": 0.007575757575757576,
        "x1": 0.9901960784313726,
        "y1": 0.9924242424242424
      }
    }
  ]
}