{
  "page": 44,
  "backend": "heuristic-pdfplumber",
  "blocks": [
    {
      "type": "Table",
      "score": 0.9,
      "bbox_abs": [
        18.224997320625082,
        126.90006858449851,
        593.1345478682133,
        326.70004605149734
      ],
      "bbox_norm": {
        "x0": 0.029779407386642292,
        "y0": 0.16022735932386176,
        "x1": 0.969174097823878,
        "y1": 0.41250005814582996
      }
    },
    {
      "type": "Table",
      "score": 0.9,
      "bbox_abs": [
        18.224997320625082,
        488.70002778149865,
        593.1345478682133,
        556.2000201689989
      ],
      "bbox_norm": {
        "x0": 0.029779407386642292,
        "y0": 0.6170454896231043,
        "x1": 0.969174097823878,
        "y1": 0.702272752738635
      }
    },
    {
      "type": "Title",
      "score": 0.8,
      "bbox_abs": [
        18.224997320625082,
        77.99157831028822,
        151.9224371050236,
        86.09157739678824
      ],
      "bbox_norm": {
        "x0": 0.029779407386642292,
        "y0": 0.0984742150382427,
        "x1": 0.24823927631539802,
        "y1": 0.10870148661210637
      }
    },
    {
      "type": "Text",
      "score": 0.6,
      "bbox_abs": [
        6,
        6,
        606.0,
        786.0
      ],
      "bbox_norm": {
        "x0": 0.00980392156862745,
        "y0": 0.007575757575757576,
        "x1": 0.9901960784313726,
        "y1": 0.9924242424242424
      }
    }
  ]
}