{
  "page": 110,
  "backend": "heuristic-pdfplumber",
  "blocks": [
    {
      "type": "Title",
      "score": 0.8,
      "bbox_abs": [
        23.17148113777158,
        99.55756557448888,
        410.5792565835259,
        108.55531449224259
      ],
      "bbox_norm": {
        "x0": 0.03786189728394049,
        "y0": 0.12570399693748596,
        "x1": 0.6708811382083756,
        "y1": 0.13706479102555882
      }
    },
    {
      "type": "Text",
      "score": 0.6,
      "bbox_abs": [
        6,
        6,
        606.0,
        786.0
      ],
      "bbox_norm": {
        "x0": 0.00980392156862745,
        "y0": 0.007575757575757576,
        "x1": 0.9901960784313726,
        "y1": 0.9924242424242424
      }
    }
  ]
}