{
  "page": 28,
  "backend": "heuristic-pdfplumber",
  "blocks": [
    {
      "type": "Table",
      "score": 0.9,
      "bbox_abs": [
        18.224997320625082,
        127.57486206037902,
        593.9999323860018,
        149.17485962437968
      ],
      "bbox_norm": {
        "x0": 0.029779407386642292,
        "y0": 0.16107937128835734,
        "x1": 0.9705881248137284,
        "y1": 0.1883520954853279
      }
    },
    {
      "type": "Title",
      "score": 0.8,
      "bbox_abs": [
        18.224997320625082,
        77.99137186229598,
        123.40633152850691,
        86.091370948796
      ],
      "bbox_norm": {
        "x0": 0.029779407386642292,
        "y0": 0.09847395437158583,
        "x1": 0.20164433256291978,
        "y1": 0.1087012259454495
      }
    },
    {
      "type": "Text",
      "score": 0.6,
      "bbox_abs": [
        6,
        6,
        606.0,
        786.0
      ],
      "bbox_norm": {
        "x0": 0.00980392156862745,
        "y0": 0.007575757575757576,
        "x1": 0.9901960784313726,
        "y1": 0.9924242424242424
      }
    }
  ]
}