{
  "page": 7,
  "backend": "heuristic-pdfplumber",
  "blocks": [
    {
      "type": "Title",
      "score": 0.8,
      "bbox_abs": [
        18.224997320625082,
        78.66649149816692,
        205.0074843457094,
        86.76649058466694
      ],
      "bbox_norm": {
        "x0": 0.029779407386642292,
        "y0": 0.09932637815425116,
        "x1": 0.3349795495844925,
        "y1": 0.10955364972811482
      }
    },
    {
      "type": "Text",
      "score": 0.6,
      "bbox_abs": [
        6,
        6,
        606.0,
        786.0
      ],
      "bbox_norm": {
        "x0": 0.00980392156862745,
        "y0": 0.007575757575757576,
        "x1": 0.9901960784313726,
        "y1": 0.9924242424242424
      }
    }
  ]
}