{
  "page": 53,
  "backend": "heuristic-pdfplumber",
  "blocks": [
    {
      "type": "Title",
      "score": 0.8,
      "bbox_abs": [
        194.42107119962168,
        88.79121603630517,
        417.7840791192358,
        96.89121512280519
      ],
      "bbox_norm": {
        "x0": 0.3176814888882707,
        "y0": 0.11211012125796108,
        "x1": 0.6826537240510389,
        "y1": 0.12233739283182474
      }
    },
    {
      "type": "Text",
      "score": 0.6,
      "bbox_abs": [
        6,
        6,
        606.0,
        786.0
      ],
      "bbox_norm": {
        "x0": 0.00980392156862745,
        "y0": 0.007575757575757576,
        "x1": 0.9901960784313726,
        "y1": 0.9924242424242424
      }
    }
  ]
}