{
  "page": 45,
  "backend": "heuristic-pdfplumber",
  "blocks": [
    {
      "type": "Table",
      "score": 0.9,
      "bbox_abs": [
        18.224997320625082,
        250.42512929361692,
        592.8411825166829,
        364.5001164284913
      ],
      "bbox_norm": {
        "x0": 0.029779407386642292,
        "y0": 0.31619334506769814,
        "x1": 0.9686947426743185,
        "y1": 0.46022741973294357
      }
    },
    {
      "type": "Table",
      "score": 0.9,
      "bbox_abs": [
        18.224997320625082,
        423.22510980561856,
        592.8411825166829,
        513.0000996809927
      ],
      "bbox_norm": {
        "x0": 0.029779407386642292,
        "y0": 0.5343751386434578,
        "x1": 0.9686947426743185,
        "y1": 0.6477273985871119
      }
    },
    {
      "type": "Title",
      "score": 0.8,
      "bbox_abs": [
        18.224997320625082,
        77.99165295028104,
        79.45750579495822,
        86.09165203678106
      ],
      "bbox_norm": {
        "x0": 0.029779407386642292,
        "y0": 0.09847430928065787,
        "x1": 0.12983252580875526,
        "y1": 0.10870158085452153
      }
    },
    {
      "type": "Text",
      "score": 0.6,
      "bbox_abs": [
        6,
        6,
        606.0,
        786.0
      ],
      "bbox_norm": {
        "x0": 0.00980392156862745,
        "y0": 0.007575757575757576,
        "x1": 0.9901960784313726,
        "y1": 0.9924242424242424
      }
    }
  ]
}