{
  "page": 116,
  "backend": "heuristic-pdfplumber",
  "blocks": [
    {
      "type": "Title",
      "score": 0.8,
      "bbox_abs": [
        18.224997320625082,
        98.92026883026153,
        128.9592574847602,
        107.02026791676155
      ],
      "bbox_norm": {
        "x0": 0.029779407386642292,
        "y0": 0.1248993293311383,
        "x1": 0.21071774098817025,
        "y1": 0.13512660090500198
      }
    },
    {
      "type": "Text",
      "score": 0.6,
      "bbox_abs": [
        6,
        6,
        606.0,
        786.0
      ],
      "bbox_norm": {
        "x0": 0.00980392156862745,
        "y0": 0.007575757575757576,
        "x1": 0.9901960784313726,
        "y1": 0.9924242424242424
      }
    }
  ]
}