{
  "page": 34,
  "backend": "heuristic-pdfplumber",
  "blocks": [
    {
      "type": "Table",
      "score": 0.9,
      "bbox_abs": [
        18.224997320625082,
        127.88703547875943,
        593.2176894835673,
        587.2504452112305
      ],
      "bbox_norm": {
        "x0": 0.029779407386642292,
        "y0": 0.16147352964489828,
        "x1": 0.9693099501365477,
        "y1": 0.7414778348626647
      }
    },
    {
      "type": "Title",
      "score": 0.8,
      "bbox_abs": [
        235.75427303815462,
        80.01700662589462,
        376.46011735466084,
        88.11700571239464
      ],
      "bbox_norm": {
        "x0": 0.38521940038914154,
        "y0": 0.10103157402259422,
        "x1": 0.6151309107102301,
        "y1": 0.11125884559645788
      }
    },
    {
      "type": "Text",
      "score": 0.6,
      "bbox_abs": [
        6,
        6,
        606.0,
        786.0
      ],
      "bbox_norm": {
        "x0": 0.00980392156862745,
        "y0": 0.007575757575757576,
        "x1": 0.9901960784313726,
        "y1": 0.9924242424242424
      }
    }
  ]
}