{
  "page": 96,
  "backend": "heuristic-pdfplumber",
  "blocks": [
    {
      "type": "Title",
      "score": 0.8,
      "bbox_abs": [
        18.224997320625082,
        99.55930960640956,
        268.3075311761165,
        108.55705852416327
      ],
      "bbox_norm": {
        "x0": 0.029779407386642292,
        "y0": 0.12570619899799187,
        "x1": 0.4384109986537852,
        "y1": 0.13706699308606474
      }
    },
    {
      "type": "Text",
      "score": 0.6,
      "bbox_abs": [
        6,
        6,
        606.0,
        786.0
      ],
      "bbox_norm": {
        "x0": 0.00980392156862745,
        "y0": 0.007575757575757576,
        "x1": 0.9901960784313726,
        "y1": 0.9924242424242424
      }
    }
  ]
}