{
  "page": 89,
  "backend": "heuristic-pdfplumber",
  "blocks": [
    {
      "type": "Title",
      "score": 0.8,
      "bbox_abs": [
        212.3718504251725,
        136.6840030675504,
        399.83943210552127,
        145.68175198530412
      ],
      "bbox_norm": {
        "x0": 0.34701282749211193,
        "y0": 0.1725808119539778,
        "x1": 0.6533324054011785,
        "y1": 0.18394160604205065
      }
    },
    {
      "type": "Text",
      "score": 0.6,
      "bbox_abs": [
        6,
        6,
        606.0,
        786.0
      ],
      "bbox_norm": {
        "x0": 0.00980392156862745,
        "y0": 0.007575757575757576,
        "x1": 0.9901960784313726,
        "y1": 0.9924242424242424
      }
    }
  ]
}