{
  "page": 57,
  "backend": "heuristic-pdfplumber",
  "blocks": [
    {
      "type": "Title",
      "score": 0.8,
      "bbox_abs": [
        475.75893347096,
        63.85591076352614,
        566.9287437336003,
        71.05140981703369
      ],
      "bbox_norm": {
        "x0": 0.7773838782205229,
        "y0": 0.08062614995394715,
        "x1": 0.9263541564274514,
        "y1": 0.08971137603160818
      }
    },
    {
      "type": "Text",
      "score": 0.6,
      "bbox_abs": [
        6,
        6,
        606.0,
        786.0
      ],
      "bbox_norm": {
        "x0": 0.00980392156862745,
        "y0": 0.007575757575757576,
        "x1": 0.9901960784313726,
        "y1": 0.9924242424242424
      }
    }
  ]
}