{
  "page": 43,
  "backend": "heuristic-pdfplumber",
  "blocks": [
    {
      "type": "Table",
      "score": 0.9,
      "bbox_abs": [
        18.224997320625082,
        196.4250987596206,
        593.3413958749042,
        331.4250835346211
      ],
      "bbox_norm": {
        "x0": 0.029779407386642292,
        "y0": 0.24801148833285427,
        "x1": 0.9695120847629153,
        "y1": 0.4184660145639155
      }
    },
    {
      "type": "Table",
      "score": 0.9,
      "bbox_abs": [
        18.224997320625082,
        413.7750742473727,
        593.3413958749042,
        503.55006412274815
      ],
      "bbox_norm": {
        "x0": 0.029779407386642292,
        "y0": 0.5224432755648645,
        "x1": 0.9695120847629153,
        "y1": 0.6357955355085204
      }
    },
    {
      "type": "Text",
      "score": 0.6,
      "bbox_abs": [
        6,
        6,
        606.0,
        786.0
      ],
      "bbox_norm": {
        "x0": 0.00980392156862745,
        "y0": 0.007575757575757576,
        "x1": 0.9901960784313726,
        "y1": 0.9924242424242424
      }
    }
  ]
}