{
  "page": 106,
  "backend": "heuristic-pdfplumber",
  "blocks": [
    {
      "type": "Title",
      "score": 0.8,
      "bbox_abs": [
        212.3718504251725,
        136.6839158515487,
        399.83943210552127,
        145.68166476930242
      ],
      "bbox_norm": {
        "x0": 0.34701282749211193,
        "y0": 0.17258070183276353,
        "x1": 0.6533324054011785,
        "y1": 0.1839414959208364
      }
    },
    {
      "type": "Text",
      "score": 0.6,
      "bbox_abs": [
        6,
        6,
        606.0,
        786.0
      ],
      "bbox_norm": {
        "x0": 0.00980392156862745,
        "y0": 0.007575757575757576,
        "x1": 0.9901960784313726,
        "y1": 0.9924242424242424
      }
    }
  ]
}