{
  "page": 76,
  "backend": "heuristic-pdfplumber",
  "blocks": [
    {
      "type": "Title",
      "score": 0.8,
      "bbox_abs": [
        239.43512862303587,
        110.3607406603461,
        372.7712437614373,
        119.3584895780998
      ],
      "bbox_norm": {
        "x0": 0.3912338702990782,
        "y0": 0.139344369520639,
        "x1": 0.6091033394794727,
        "y1": 0.1507051636087119
      }
    },
    {
      "type": "Text",
      "score": 0.6,
      "bbox_abs": [
        6,
        6,
        606.0,
        786.0
      ],
      "bbox_norm": {
        "x0": 0.00980392156862745,
        "y0": 0.007575757575757576,
        "x1": 0.9901960784313726,
        "y1": 0.9924242424242424
      }
    }
  ]
}