{
  "page": 11,
  "backend": "heuristic-pdfplumber",
  "blocks": [
    {
      "type": "Title",
      "score": 0.8,
      "bbox_abs": [
        18.224997320625082,
        88.11644776041828,
        119.93376823013489,
        96.2164468469183
      ],
      "bbox_norm": {
        "x0": 0.029779407386642292,
        "y0": 0.11125814111163924,
        "x1": 0.1959702095263642,
        "y1": 0.1214854126855029
      }
    },
    {
      "type": "Text",
      "score": 0.6,
      "bbox_abs": [
        6,
        6,
        606.0,
        786.0
      ],
      "bbox_norm": {
        "x0": 0.00980392156862745,
        "y0": 0.007575757575757576,
        "x1": 0.9901960784313726,
        "y1": 0.9924242424242424
      }
    }
  ]
}