{
  "page": 9,
  "backend": "heuristic-pdfplumber",
  "blocks": [
    {
      "type": "Title",
      "score": 0.8,
      "bbox_abs": [
        18.224997320625082,
        88.11652974441438,
        347.25579650325915,
        96.2165288309144
      ],
      "bbox_norm": {
        "x0": 0.029779407386642292,
        "y0": 0.11125824462678584,
        "x1": 0.5674114321948679,
        "y1": 0.1214855162006495
      }
    },
    {
      "type": "Text",
      "score": 0.6,
      "bbox_abs": [
        6,
        6,
        606.0,
        786.0
      ],
      "bbox_norm": {
        "x0": 0.00980392156862745,
        "y0": 0.007575757575757576,
        "x1": 0.9901960784313726,
        "y1": 0.9924242424242424
      }
    }
  ]
}