{
  "page": 74,
  "backend": "heuristic-pdfplumber",
  "blocks": [
    {
      "type": "Table",
      "score": 0.9,
      "bbox_abs": [
        18.224997320625082,
        351.6749844828737,
        587.2499331472518,
        380.69998120950186
      ],
      "bbox_norm": {
        "x0": 0.029779407386642292,
        "y0": 0.4440340713167597,
        "x1": 0.9595587142928951,
        "y1": 0.4806817944564417
      }
    },
    {
      "type": "Title",
      "score": 0.8,
      "bbox_abs": [
        18.224997320625082,
        91.49151803579332,
        122.18816483588904,
        99.59151712229334
      ],
      "bbox_norm": {
        "x0": 0.029779407386642292,
        "y0": 0.11551959347953702,
        "x1": 0.1996538641109298,
        "y1": 0.12574686505340069
      }
    },
    {
      "type": "Text",
      "score": 0.6,
      "bbox_abs": [
        6,
        6,
        606.0,
        786.0
      ],
      "bbox_norm": {
        "x0": 0.00980392156862745,
        "y0": 0.007575757575757576,
        "x1": 0.9901960784313726,
        "y1": 0.9924242424242424
      }
    }
  ]
}