{
  "page": 1,
  "backend": "heuristic-pdfplumber",
  "blocks": [
    {
      "type": "Figure",
      "score": 0.85,
      "bbox_abs": [
        294.29995893750123,
        261.22496391562606,
        318.59995600500133,
        291.5999590500012
      ],
      "bbox_norm": {
        "x0": 0.48088228584559023,
        "y0": 0.32982949989346727,
        "x1": 0.5205881634068649,
        "y1": 0.36818176647727424
      }
    },
    {
      "type": "Title",
      "score": 0.8,
      "bbox_abs": [
        182.18669757938727,
        87.98115761695465,
        430.0268640080217,
        99.67890629770852
      ],
      "bbox_norm": {
        "x0": 0.29769068231926027,
        "y0": 0.11108732022342759,
        "x1": 0.7026582745229112,
        "y1": 0.12585720492134914
      }
    },
    {
      "type": "Text",
      "score": 0.6,
      "bbox_abs": [
        6,
        6,
        606.0,
        786.0
      ],
      "bbox_norm": {
        "x0": 0.00980392156862745,
        "y0": 0.007575757575757576,
        "x1": 0.9901960784313726,
        "y1": 0.9924242424242424
      }
    }
  ]
}