{
  "page": 108,
  "backend": "heuristic-pdfplumber",
  "blocks": [
    {
      "type": "Figure",
      "score": 0.85,
      "bbox_abs": [
        22.94999712375008,
        93.14999803874991,
        46.57499421937516,
        122.17499490937496
      ],
      "bbox_norm": {
        "x0": 0.037499995300245226,
        "y0": 0.1176136338873105,
        "x1": 0.07610293173100516,
        "y1": 0.15426135720880677
      }
    },
    {
      "type": "Title",
      "score": 0.8,
      "bbox_abs": [
        26.54648075714659,
        335.1782951752338,
        439.5409586805431,
        378.37829030323394
      ],
      "bbox_norm": {
        "x0": 0.04337660254435717,
        "y0": 0.4232049181505477,
        "x1": 0.7182041808505606,
        "y1": 0.47775036654448727
      }
    },
    {
      "type": "Text",
      "score": 0.6,
      "bbox_abs": [
        6,
        6,
        606.0,
        786.0
      ],
      "bbox_norm": {
        "x0": 0.00980392156862745,
        "y0": 0.007575757575757576,
        "x1": 0.9901960784313726,
        "y1": 0.9924242424242424
      }
    }
  ]
}