{
  "page": 68,
  "backend": "heuristic-pdfplumber",
  "blocks": [
    {
      "type": "Table",
      "score": 0.9,
      "bbox_abs": [
        18.224997320625082,
        176.85110920720763,
        585.8999332995018,
        215.3261048680797
      ],
      "bbox_norm": {
        "x0": 0.029779407386642292,
        "y0": 0.2232968550596056,
        "x1": 0.9573528321887284,
        "y1": 0.2718763950354542
      }
    },
    {
      "type": "Table",
      "score": 0.9,
      "bbox_abs": [
        18.224997320625082,
        226.8011035739546,
        591.5249326651268,
        274.7260981690779
      ],
      "bbox_norm": {
        "x0": 0.029779407386642292,
        "y0": 0.2863650297650942,
        "x1": 0.9665440076227563,
        "y1": 0.34687638657711856
      }
    },
    {
      "type": "Text",
      "score": 0.6,
      "bbox_abs": [
        6,
        6,
        606.0,
        786.0
      ],
      "bbox_norm": {
        "x0": 0.00980392156862745,
        "y0": 0.007575757575757576,
        "x1": 0.9901960784313726,
        "y1": 0.9924242424242424
      }
    }
  ]
}