{
  "page": 118,
  "backend": "heuristic-pdfplumber",
  "blocks": [
    {
      "type": "Title",
      "score": 0.8,
      "bbox_abs": [
        144.62928331502937,
        77.99398853418859,
        467.58115184823225,
        86.09398762068861
      ],
      "bbox_norm": {
        "x0": 0.23632235835789112,
        "y0": 0.09847725825023812,
        "x1": 0.7640214899480919,
        "y1": 0.10870452982410178
      }
    },
    {
      "type": "Text",
      "score": 0.6,
      "bbox_abs": [
        6,
        6,
        606.0,
        786.0
      ],
      "bbox_norm": {
        "x0": 0.00980392156862745,
        "y0": 0.007575757575757576,
        "x1": 0.9901960784313726,
        "y1": 0.9924242424242424
      }
    }
  ]
}