{
  "page": 111,
  "backend": "heuristic-pdfplumber",
  "blocks": [
    {
      "type": "Table",
      "score": 0.9,
      "bbox_abs": [
        23.287496749687598,
        241.31102006537185,
        586.9124331853143,
        349.31100788537515
      ],
      "bbox_norm": {
        "x0": 0.03805146527726732,
        "y0": 0.3046856313956715,
        "x1": 0.9590072437668534,
        "y1": 0.44104925238052417
      }
    },
    {
      "type": "Title",
      "score": 0.8,
      "bbox_abs": [
        23.17148113777158,
        99.52503213862997,
        254.0098332289025,
        109.4205308876376
      ],
      "bbox_norm": {
        "x0": 0.03786189728394049,
        "y0": 0.12566291936695703,
        "x1": 0.41504874710604983,
        "y1": 0.1381572359692394
      }
    },
    {
      "type": "Text",
      "score": 0.6,
      "bbox_abs": [
        6,
        6,
        606.0,
        786.0
      ],
      "bbox_norm": {
        "x0": 0.00980392156862745,
        "y0": 0.007575757575757576,
        "x1": 0.9901960784313726,
        "y1": 0.9924242424242424
      }
    }
  ]
}