{
  "page": 38,
  "backend": "heuristic-pdfplumber",
  "blocks": [
    {
      "type": "Table",
      "score": 0.9,
      "bbox_abs": [
        18.224997320625082,
        483.97529058636064,
        593.1473009032122,
        540.000284267986
      ],
      "bbox_norm": {
        "x0": 0.029779407386642292,
        "y0": 0.6110799123565159,
        "x1": 0.9691949361163599,
        "y1": 0.6818185407424066
      }
    },
    {
      "type": "Title",
      "score": 0.8,
      "bbox_abs": [
        18.224997320625082,
        77.99184058227581,
        85.75003463530075,
        86.09183966877583
      ],
      "bbox_norm": {
        "x0": 0.029779407386642292,
        "y0": 0.09847454618974219,
        "x1": 0.140114435678596,
        "y1": 0.10870181776360585
      }
    },
    {
      "type": "Text",
      "score": 0.6,
      "bbox_abs": [
        6,
        6,
        606.0,
        786.0
      ],
      "bbox_norm": {
        "x0": 0.00980392156862745,
        "y0": 0.007575757575757576,
        "x1": 0.9901960784313726,
        "y1": 0.9924242424242424
      }
    }
  ]
}