{
  "page": 37,
  "backend": "heuristic-pdfplumber",
  "blocks": [
    {
      "type": "Title",
      "score": 0.8,
      "bbox_abs": [
        221.4948996462952,
        80.01700350589488,
        390.7207982213728,
        88.1170025923949
      ],
      "bbox_norm": {
        "x0": 0.36191977066388104,
        "y0": 0.1010315700832006,
        "x1": 0.6384326768323084,
        "y1": 0.11125884165706426
      }
    },
    {
      "type": "Text",
      "score": 0.6,
      "bbox_abs": [
        6,
        6,
        606.0,
        786.0
      ],
      "bbox_norm": {
        "x0": 0.00980392156862745,
        "y0": 0.007575757575757576,
        "x1": 0.9901960784313726,
        "y1": 0.9924242424242424
      }
    }
  ]
}