{
  "page": 10,
  "backend": "heuristic-pdfplumber",
  "blocks": [
    {
      "type": "Title",
      "score": 0.8,
      "bbox_abs": [
        18.224997320625082,
        88.11649192041602,
        199.94103468209238,
        96.21649100691604
      ],
      "bbox_norm": {
        "x0": 0.029779407386642292,
        "y0": 0.11125819686921215,
        "x1": 0.32670103706224246,
        "y1": 0.12148546844307581
      }
    },
    {
      "type": "Text",
      "score": 0.6,
      "bbox_abs": [
        6,
        6,
        606.0,
        786.0
      ],
      "bbox_norm": {
        "x0": 0.00980392156862745,
        "y0": 0.007575757575757576,
        "x1": 0.9901960784313726,
        "y1": 0.9924242424242424
      }
    }
  ]
}